product_category,origin_region,destination_region,transport_mode,packaging_insulation_quality,transit_time_hours,route_distance_km,num_coldchain_handoffs,ambient_temp_avg_c,ambient_temp_max_c,num_temp_excursions,refrigeration_failure,carrier_reliability_score,customs_hold_hours,shipment_month,shelf_life_remaining,spoiled
fresh_produce,Middle_East,Middle_East,road_reefer,1,53.43,2316.4,4,30.45,37.27,6,0,0.9072,1.27,4,86.04,0
seafood,East_Asia,South_America,sea_reefer,0,92.6,2581.1,6,23.3,28.03,3,0,0.471,9.15,12,80.62,0
frozen,South_America,Europe,sea_reefer,1,124.9,4195.2,5,21.62,27.97,1,0,0.4583,2.78,7,100.0,0
dairy,North_America,East_Asia,sea_reefer,2,200.02,6864.9,8,22.38,30.47,5,0,0.6944,18.04,7,4.44,1
biologic,Oceania,East_Asia,sea_reefer,1,305.77,10314.9,6,18.61,25.0,4,0,0.6116,11.47,9,0.0,1
frozen,Southeast_Asia,Africa,sea_reefer,0,28.21,958.6,7,37.28,41.27,5,1,0.6408,7.43,5,0.0,1
fresh_produce,Middle_East,North_America,road_reefer,0,122.63,7592.5,4,24.1,35.25,2,0,0.2197,4.67,4,81.89,0
vaccine,Oceania,Oceania,road_reefer,2,92.76,3908.3,4,16.96,22.1,3,0,0.6007,12.67,2,78.0,1
frozen,Africa,Oceania,sea_reefer,1,210.75,7158.4,9,24.69,52.16,6,0,0.8235,22.55,3,0.0,1
fresh_produce,East_Asia,Middle_East,road_reefer,1,146.42,8984.2,5,23.15,27.04,2,0,0.8055,9.93,2,76.0,0
seafood,South_America,Middle_East,road_reefer,0,62.51,3962.1,7,22.65,33.6,4,0,0.7706,23.59,2,40.31,0
seafood,Southeast_Asia,Europe,air,1,17.41,12224.7,8,18.31,20.84,2,0,0.7793,12.12,12,78.0,1
vaccine,Middle_East,Oceania,sea_reefer,2,163.23,5518.5,9,24.74,38.86,3,0,0.8292,14.83,9,0.0,1
seafood,Europe,Oceania,sea_reefer,1,283.98,9636.5,8,19.08,24.85,3,0,0.9689,11.92,6,29.27,0
fresh_produce,Oceania,Africa,air,0,31.25,5266.4,4,21.27,35.85,5,0,0.8968,18.18,4,15.87,1
fresh_produce,Middle_East,Middle_East,air,0,23.31,10362.5,5,35.75,42.04,5,0,0.8121,31.45,6,0.0,1
fresh_produce,Europe,Middle_East,road_reefer,1,120.53,7100.2,5,31.25,36.37,4,0,0.7368,31.95,8,21.29,0
fresh_produce,South_America,Southeast_Asia,sea_reefer,1,274.7,9051.6,6,30.41,38.88,3,1,0.4871,6.07,6,0.0,1
frozen,East_Asia,Europe,sea_reefer,0,103.15,2810.6,3,15.05,26.93,5,0,0.4694,7.81,1,100.0,0
fresh_produce,East_Asia,East_Asia,road_reefer,0,153.58,9814.0,4,19.53,32.22,1,0,0.6395,1.84,12,85.61,0
fresh_produce,Middle_East,Middle_East,sea_reefer,2,141.91,4579.1,10,39.46,45.32,2,0,0.8615,4.47,7,0.0,1
seafood,Europe,East_Asia,air,2,15.8,4155.7,0,22.78,28.83,1,0,0.6813,1.85,6,100.0,0
fresh_produce,South_America,East_Asia,road_reefer,0,59.39,3116.2,6,29.32,37.43,4,0,0.8095,20.85,7,3.77,1
vaccine,Oceania,Europe,air,0,16.41,6117.8,4,21.99,25.69,2,0,0.897,3.77,7,100.0,0
seafood,East_Asia,Africa,road_reefer,1,135.82,8323.0,5,20.64,27.68,2,0,0.8536,3.36,12,84.78,0
dairy,Middle_East,Oceania,road_reefer,1,148.29,9446.9,3,26.91,32.59,4,0,0.5401,38.64,9,21.35,0
fresh_produce,Europe,Europe,road_reefer,1,62.06,529.7,2,13.07,17.51,1,0,0.858,14.02,11,100.0,0
seafood,North_America,East_Asia,sea_reefer,2,171.25,5087.6,7,22.18,33.33,1,0,0.7061,14.04,5,100.0,0
biologic,Oceania,Middle_East,road_reefer,1,67.69,3914.8,2,22.45,37.58,3,0,0.6199,1.64,12,0.0,1
dairy,Africa,Oceania,air,1,14.72,7458.8,6,27.49,45.24,5,0,0.6893,24.25,9,8.06,1
biologic,East_Asia,East_Asia,road_reefer,0,74.54,3485.4,4,20.91,25.98,3,0,0.7443,1.39,6,51.73,0
dairy,Africa,Europe,sea_reefer,2,112.18,3508.1,11,27.21,36.21,2,0,0.9233,8.76,8,61.22,0
frozen,Oceania,Africa,sea_reefer,0,404.84,13684.3,6,29.92,41.48,6,0,0.6756,18.54,9,0.0,0
fresh_produce,Africa,East_Asia,air,0,16.11,7801.9,3,26.2,31.68,5,0,0.834,10.61,8,70.12,0
vaccine,Middle_East,Oceania,sea_reefer,0,255.56,8628.5,8,18.19,27.68,5,0,0.8944,13.01,11,0.0,1
vaccine,Oceania,East_Asia,road_reefer,0,158.87,8389.1,9,18.43,30.74,5,0,0.921,8.15,2,0.0,1
vaccine,Africa,Middle_East,road_reefer,1,45.58,2442.8,5,34.22,42.06,5,0,0.9033,14.09,8,0.0,1
vaccine,Africa,Africa,sea_reefer,1,209.78,6529.2,7,34.76,40.01,5,0,0.4883,6.77,4,0.0,1
frozen,East_Asia,North_America,road_reefer,0,157.15,9896.1,8,14.5,21.25,7,1,0.963,11.86,11,0.0,1
fresh_produce,Southeast_Asia,Europe,road_reefer,0,204.53,12572.6,7,21.13,30.79,6,0,0.7122,5.31,6,33.31,0
fresh_produce,North_America,South_America,air,0,25.54,4312.5,4,17.02,18.23,4,0,0.8723,14.47,12,100.0,0
fresh_produce,East_Asia,Africa,sea_reefer,0,146.98,4720.9,5,24.43,28.81,7,1,0.7423,31.14,10,0.0,1
frozen,Southeast_Asia,South_America,road_reefer,0,60.39,3778.4,6,22.25,32.41,7,0,0.7752,22.31,2,35.51,0
fresh_produce,North_America,Africa,sea_reefer,2,260.92,8943.2,12,28.83,30.95,1,0,0.8871,28.37,7,26.77,0
seafood,Africa,Europe,sea_reefer,1,271.55,9170.4,6,17.04,26.85,6,0,0.6317,16.24,11,0.0,1
frozen,Middle_East,North_America,road_reefer,0,184.19,11473.0,10,18.34,28.47,5,1,0.5331,5.79,12,0.0,1
dairy,Europe,Africa,air,1,12.37,7540.3,3,19.01,28.61,3,0,0.8959,2.88,3,100.0,0
dairy,North_America,Middle_East,air,1,29.93,4451.8,2,24.84,26.14,3,0,0.7665,10.13,7,100.0,0
fresh_produce,Oceania,Africa,sea_reefer,0,233.45,7719.9,7,19.92,29.41,5,0,0.4631,12.41,12,0.0,1
fresh_produce,South_America,North_America,air,2,33.64,5471.3,4,27.92,32.12,2,0,0.5337,10.97,6,100.0,0
seafood,Middle_East,Middle_East,sea_reefer,0,216.13,7024.8,11,23.47,47.22,9,0,0.5281,3.62,12,0.0,1
seafood,Oceania,Middle_East,road_reefer,1,113.88,6474.0,7,34.17,37.5,5,0,0.6622,21.34,5,0.0,1
fresh_produce,East_Asia,South_America,air,2,23.01,7211.2,4,23.44,33.35,2,0,0.8946,40.75,10,100.0,0
fresh_produce,Middle_East,Europe,road_reefer,1,164.29,9880.8,11,26.4,31.05,9,1,0.8134,12.94,7,0.0,1
fresh_produce,Middle_East,East_Asia,sea_reefer,0,355.74,12355.6,10,24.32,30.95,4,0,0.6608,29.7,10,0.0,1
frozen,Europe,Oceania,sea_reefer,1,250.91,8594.0,10,14.97,25.17,6,0,0.7779,18.19,4,31.5,0
seafood,East_Asia,East_Asia,sea_reefer,1,244.5,8392.5,7,19.8,22.36,6,1,0.6282,5.81,11,0.0,1
fresh_produce,Europe,Middle_East,road_reefer,2,109.0,6332.0,5,18.14,25.32,0,0,0.442,29.13,1,100.0,0
dairy,Africa,Middle_East,sea_reefer,0,109.52,3555.7,3,25.45,32.1,6,0,0.8012,17.1,12,48.23,1
biologic,Africa,Southeast_Asia,air,1,9.12,2871.8,3,30.76,33.92,2,0,0.634,16.45,4,83.23,0
seafood,North_America,Europe,sea_reefer,1,169.12,5824.4,5,5.86,8.56,9,1,0.697,3.62,11,0.0,1
frozen,North_America,Oceania,road_reefer,1,70.51,4012.2,10,20.69,28.0,3,0,0.6874,3.63,4,87.37,0
biologic,North_America,Oceania,sea_reefer,1,80.91,2308.5,6,18.01,20.09,3,0,0.7208,9.23,9,100.0,0
seafood,Europe,Europe,road_reefer,0,76.2,4673.8,5,10.83,13.98,2,0,0.8734,3.38,1,100.0,0
fresh_produce,East_Asia,South_America,air,1,21.08,4899.9,5,30.65,43.36,4,0,0.82,16.67,10,61.44,0
vaccine,Middle_East,Oceania,air,1,10.7,4381.0,3,32.12,35.57,3,0,0.6662,4.67,8,0.0,1
seafood,Europe,Middle_East,road_reefer,0,188.3,10882.1,6,25.19,32.21,2,0,0.8931,0.86,9,44.0,0
seafood,South_America,South_America,sea_reefer,0,94.94,2794.7,6,27.58,34.53,3,0,0.8728,14.49,9,2.68,1
seafood,Southeast_Asia,Southeast_Asia,air,1,18.83,5408.4,5,24.88,31.82,2,0,0.6319,0.64,1,100.0,0
seafood,East_Asia,South_America,air,2,30.46,17446.2,6,26.66,30.0,1,0,0.8093,12.29,8,78.0,1
fresh_produce,Southeast_Asia,Europe,air,1,12.82,3426.7,3,17.77,21.27,2,0,0.7746,14.11,2,100.0,0
seafood,South_America,Oceania,sea_reefer,2,383.07,13122.5,10,23.84,26.03,2,0,0.8515,17.5,9,0.0,1
fresh_produce,Southeast_Asia,North_America,road_reefer,1,79.57,4721.8,5,26.67,41.15,5,0,0.5093,20.22,6,58.93,1
fresh_produce,Oceania,Oceania,road_reefer,1,24.24,846.3,5,17.26,33.55,2,0,0.8042,4.3,2,100.0,0
frozen,South_America,Africa,road_reefer,0,149.78,9098.6,5,33.01,35.56,5,0,0.9379,4.79,6,0.0,1
biologic,East_Asia,Europe,sea_reefer,1,266.88,9144.8,9,24.66,31.69,9,1,0.7893,8.44,7,0.0,1
dairy,North_America,Middle_East,air,1,22.05,5491.7,7,21.87,32.57,5,0,0.7097,26.18,10,89.39,0
fresh_produce,Africa,Africa,sea_reefer,2,401.1,12993.1,8,29.29,35.91,2,0,0.7384,6.08,4,0.0,1
biologic,Middle_East,Southeast_Asia,air,1,20.32,4641.7,5,39.41,42.67,2,1,0.6716,3.05,9,0.0,1
frozen,South_America,East_Asia,road_reefer,0,51.16,3235.5,6,22.45,46.84,7,0,0.7281,19.5,8,0.0,1
seafood,Middle_East,Middle_East,air,0,20.15,4871.3,3,29.88,33.31,3,0,0.9253,11.02,11,100.0,0
fresh_produce,South_America,Europe,sea_reefer,1,101.26,2981.8,6,14.41,17.28,2,0,0.9284,3.18,1,100.0,0
dairy,Europe,Europe,sea_reefer,0,66.75,1573.1,5,14.1,21.06,7,0,0.9804,23.01,8,81.58,0
seafood,North_America,North_America,road_reefer,1,41.3,2441.9,4,13.65,17.31,2,0,0.7462,8.15,12,78.0,1
vaccine,Middle_East,South_America,sea_reefer,2,195.34,6345.4,5,31.35,41.12,4,0,0.6928,2.72,10,0.0,1
biologic,East_Asia,South_America,air,0,18.52,5554.0,5,17.57,22.19,3,0,0.8196,12.48,2,100.0,0
fresh_produce,Europe,Southeast_Asia,sea_reefer,0,159.34,5098.1,9,18.03,25.94,6,0,0.8172,6.14,12,11.62,1
dairy,Middle_East,Southeast_Asia,road_reefer,2,131.77,7261.0,9,32.28,37.4,5,0,0.9503,17.53,11,35.93,0
seafood,Europe,Middle_East,sea_reefer,0,486.67,16432.1,14,24.67,27.55,6,0,0.5204,3.33,7,0.0,1
fresh_produce,North_America,South_America,air,1,11.89,3620.2,4,28.49,34.92,2,0,0.4954,12.78,6,100.0,0
dairy,Europe,Middle_East,road_reefer,1,153.29,8705.9,6,19.49,24.13,3,0,0.6557,16.42,12,100.0,0
biologic,Southeast_Asia,Africa,road_reefer,1,73.86,4263.5,5,36.23,38.66,1,0,0.6688,11.84,9,0.0,1
dairy,Southeast_Asia,North_America,sea_reefer,0,196.87,6598.2,8,22.42,26.0,5,1,0.7942,18.38,11,0.0,1
dairy,Europe,Oceania,sea_reefer,0,80.59,2656.1,9,20.76,26.83,4,0,0.7465,18.91,8,63.98,0
seafood,East_Asia,Southeast_Asia,air,2,17.53,6208.6,5,28.65,31.15,3,0,0.601,4.29,7,100.0,0
seafood,Oceania,Africa,road_reefer,1,146.47,8508.9,10,20.25,35.21,3,0,0.6452,48.26,2,0.0,1
seafood,Europe,East_Asia,sea_reefer,1,248.48,8576.4,4,19.37,38.83,7,0,0.6759,1.12,8,0.0,1
frozen,North_America,Europe,sea_reefer,2,46.77,1362.7,6,13.5,22.62,1,0,0.9307,7.51,4,100.0,0
frozen,North_America,Europe,road_reefer,0,106.41,6343.5,6,12.5,28.14,6,0,0.6456,6.22,10,64.99,0
biologic,Oceania,Middle_East,road_reefer,0,297.6,18217.5,13,23.07,31.86,2,0,0.5198,9.77,2,0.0,1
seafood,Oceania,South_America,road_reefer,0,92.81,5693.9,7,20.26,27.35,4,0,0.7574,14.52,12,100.0,0
seafood,Africa,Oceania,air,1,18.93,3505.3,2,32.1,39.26,3,0,0.6784,10.43,7,98.09,0
fresh_produce,Europe,South_America,road_reefer,1,201.87,12271.3,10,18.96,34.11,5,0,0.6119,8.03,7,0.0,1
seafood,North_America,Europe,sea_reefer,1,161.09,5551.0,9,20.48,26.33,8,1,0.8454,5.76,7,0.0,1
fresh_produce,Africa,Southeast_Asia,road_reefer,0,189.98,11854.4,4,26.63,32.99,7,0,0.9769,16.77,11,4.92,1
biologic,Europe,East_Asia,sea_reefer,1,198.86,6787.0,3,18.26,34.35,4,0,0.8797,15.85,7,0.0,1
seafood,Africa,East_Asia,air,0,21.42,4651.5,4,24.75,42.39,3,0,0.7196,1.56,9,62.03,0
fresh_produce,South_America,East_Asia,air,1,26.78,5941.0,4,22.86,42.81,4,0,0.9576,21.39,11,58.51,0
frozen,East_Asia,Middle_East,road_reefer,0,124.84,6511.2,9,24.18,35.23,4,0,0.9105,28.29,10,0.0,1
seafood,East_Asia,Europe,air,1,7.15,1853.4,3,16.94,28.59,2,0,0.4659,17.01,3,78.0,1
seafood,Middle_East,Middle_East,road_reefer,0,142.82,9010.5,7,33.17,40.34,10,1,0.753,18.18,4,0.0,1
fresh_produce,Middle_East,North_America,air,2,13.75,5850.4,2,26.94,30.21,1,0,0.5254,13.6,5,100.0,0
frozen,Southeast_Asia,Africa,sea_reefer,0,54.61,1696.2,8,29.09,35.52,2,0,0.6758,12.18,3,3.84,1
frozen,Southeast_Asia,Middle_East,sea_reefer,1,41.18,1403.6,9,35.57,49.37,2,0,0.7746,9.38,8,0.0,1
fresh_produce,Africa,Middle_East,air,0,11.48,1015.4,4,30.55,34.51,0,0,0.5029,24.25,12,100.0,0
dairy,Oceania,Africa,sea_reefer,1,308.73,10116.4,9,27.64,32.19,7,0,0.9013,11.57,8,0.0,1
fresh_produce,Oceania,Europe,sea_reefer,2,54.08,1602.8,6,21.31,25.26,4,0,0.6871,5.62,8,94.53,0
seafood,Southeast_Asia,Oceania,air,2,13.07,8494.3,7,18.75,23.31,2,0,0.7675,19.18,1,100.0,0
fresh_produce,Africa,North_America,sea_reefer,1,500.56,16734.3,7,25.12,31.19,6,0,0.7582,32.2,11,0.0,1
dairy,Middle_East,South_America,road_reefer,0,43.33,2005.8,1,35.3,42.03,0,0,0.5518,29.8,7,49.52,0
dairy,Europe,Southeast_Asia,road_reefer,2,120.68,7526.4,12,18.06,20.45,3,0,0.6636,8.51,2,56.05,0
vaccine,South_America,Africa,road_reefer,1,131.57,8320.8,6,32.03,37.25,2,0,0.754,4.94,6,0.0,1
seafood,Europe,Africa,sea_reefer,1,290.75,8939.0,10,22.61,30.18,7,0,0.9084,2.53,8,0.0,1
seafood,Middle_East,Africa,sea_reefer,2,176.87,5942.0,4,26.33,40.34,1,0,0.7221,13.28,3,10.01,1
fresh_produce,Southeast_Asia,Southeast_Asia,air,1,14.62,9253.0,5,32.61,39.43,5,0,0.5409,0.11,6,88.88,0
fresh_produce,East_Asia,Europe,sea_reefer,1,159.86,5411.7,8,18.5,23.12,3,0,0.7829,4.84,8,100.0,0
biologic,South_America,Southeast_Asia,sea_reefer,0,239.29,7655.2,2,28.85,31.07,5,0,0.8437,8.49,2,0.0,1
biologic,Europe,Southeast_Asia,road_reefer,1,61.8,3123.1,7,18.09,21.16,7,0,0.8471,6.33,9,0.0,1
frozen,Southeast_Asia,Africa,road_reefer,2,72.62,4335.3,5,32.02,37.96,2,0,0.5916,16.2,7,43.67,0
fresh_produce,Middle_East,Europe,road_reefer,0,72.6,4633.6,7,27.13,30.78,4,0,0.702,8.48,6,100.0,0
seafood,Oceania,Southeast_Asia,sea_reefer,0,281.76,9017.7,4,21.18,45.77,5,0,0.8887,13.86,11,0.0,1
frozen,Oceania,East_Asia,road_reefer,0,50.37,2902.2,0,14.72,21.25,4,0,0.8628,1.04,11,100.0,0
frozen,North_America,Europe,sea_reefer,1,125.49,3877.1,8,14.48,27.58,4,0,0.8008,10.82,1,100.0,0
frozen,South_America,Middle_East,sea_reefer,0,45.77,1274.1,6,32.23,42.04,3,0,0.653,2.78,4,0.0,1
dairy,Europe,Africa,air,1,40.3,6027.9,8,16.94,19.6,1,0,0.6585,11.1,2,100.0,0
seafood,East_Asia,Middle_East,sea_reefer,1,208.72,6932.4,5,23.98,28.73,5,0,0.764,1.05,12,15.85,1
fresh_produce,Oceania,Africa,sea_reefer,2,251.73,7443.8,6,21.27,31.01,4,0,0.9341,34.27,1,77.6,0
vaccine,Europe,Europe,sea_reefer,1,86.68,2238.5,4,11.77,18.76,7,1,0.8134,7.41,12,0.0,1
fresh_produce,Oceania,East_Asia,air,0,26.1,4962.2,1,23.58,32.15,2,0,0.6499,3.7,8,100.0,0
seafood,Oceania,Africa,air,0,17.23,7982.4,5,28.9,32.93,1,0,0.6987,11.99,10,78.0,1
dairy,Southeast_Asia,East_Asia,air,0,17.53,7762.1,11,34.49,40.73,4,0,0.5928,17.54,7,0.0,1
biologic,South_America,North_America,sea_reefer,0,289.83,9968.9,9,13.52,16.17,8,1,0.6579,6.22,12,0.0,1
fresh_produce,Oceania,Oceania,road_reefer,0,142.99,8502.5,5,24.68,38.58,3,0,0.9395,11.89,6,0.0,1
dairy,Africa,North_America,air,1,27.43,9968.8,1,24.37,32.21,5,0,0.8056,18.9,4,100.0,0
fresh_produce,South_America,East_Asia,road_reefer,0,71.6,4394.2,5,24.69,30.92,8,0,0.9076,16.7,9,47.37,0
seafood,North_America,Middle_East,air,1,25.04,9416.0,8,28.95,32.24,2,0,0.8916,15.05,7,100.0,0
fresh_produce,Oceania,South_America,air,0,27.7,4014.0,2,28.96,32.04,2,0,0.6995,12.9,7,100.0,0
dairy,East_Asia,Southeast_Asia,sea_reefer,2,168.81,5644.1,11,26.64,29.97,3,1,0.6851,23.39,9,0.0,1
dairy,South_America,South_America,air,1,15.84,1165.4,4,20.28,22.42,3,0,0.9083,4.89,2,100.0,0
dairy,North_America,Oceania,air,1,16.56,1895.5,4,23.19,26.68,1,0,0.8291,5.19,8,100.0,0
seafood,Oceania,Middle_East,road_reefer,1,187.87,11809.6,8,23.56,30.89,4,0,0.6034,14.7,2,0.0,1
fresh_produce,Southeast_Asia,East_Asia,sea_reefer,1,113.12,3529.9,9,21.2,30.14,2,0,0.3609,15.65,12,8.9,1
frozen,East_Asia,Africa,air,1,6.45,4330.9,7,20.29,22.89,2,0,0.6971,23.55,11,100.0,0
dairy,Europe,North_America,air,0,11.4,1607.8,2,12.29,22.19,1,0,0.7275,11.01,10,100.0,0
fresh_produce,North_America,Oceania,road_reefer,0,158.56,10052.6,5,13.17,35.5,5,0,0.9211,12.98,3,31.84,0
frozen,Oceania,Oceania,sea_reefer,0,193.88,5719.4,4,17.84,24.41,5,0,0.8474,4.8,1,90.19,0
fresh_produce,Middle_East,Oceania,sea_reefer,1,233.64,8042.4,5,29.96,33.67,8,0,0.9558,14.31,8,0.0,1
seafood,Middle_East,Africa,road_reefer,0,183.25,11246.3,2,31.76,48.54,7,0,0.56,7.92,8,0.0,1
fresh_produce,Southeast_Asia,Europe,sea_reefer,0,197.54,6756.3,6,17.91,20.08,7,0,0.7132,20.7,10,22.06,0
vaccine,Europe,North_America,air,1,9.77,1807.4,1,8.07,13.12,6,1,0.4821,13.32,2,100.0,0
frozen,East_Asia,Southeast_Asia,road_reefer,0,158.98,9202.1,10,27.28,36.65,5,0,0.7989,19.52,10,0.0,1
frozen,Oceania,Oceania,sea_reefer,0,129.4,4132.4,11,24.75,28.62,3,1,0.3626,1.78,8,0.0,1
fresh_produce,Middle_East,East_Asia,sea_reefer,1,152.74,4715.4,11,25.53,30.44,7,0,0.5878,23.69,11,0.0,1
vaccine,Middle_East,Oceania,road_reefer,2,201.53,12737.2,14,29.24,37.26,4,0,0.814,3.38,9,0.0,1
frozen,Southeast_Asia,North_America,road_reefer,2,73.15,2521.7,6,26.59,31.43,7,0,0.8269,6.6,8,54.81,0
fresh_produce,Southeast_Asia,Europe,road_reefer,1,163.51,10281.5,8,27.72,34.81,6,0,0.696,7.06,8,24.34,0
seafood,North_America,Middle_East,sea_reefer,1,308.26,10505.8,14,26.6,31.0,6,0,0.8693,7.43,6,0.0,1
frozen,Southeast_Asia,East_Asia,air,0,8.77,3413.8,0,22.05,26.04,1,0,0.9307,7.9,10,100.0,0
frozen,Africa,Oceania,road_reefer,0,146.13,9358.2,7,28.08,45.86,6,0,0.6719,7.01,8,0.0,1
dairy,Southeast_Asia,Southeast_Asia,air,2,29.96,6255.2,4,35.36,41.65,2,0,0.8894,1.75,10,89.88,0
frozen,South_America,Oceania,air,0,24.07,11638.5,4,21.84,23.89,1,0,0.9189,17.81,9,100.0,0
frozen,South_America,Oceania,air,1,30.5,2761.9,1,27.06,30.37,7,0,0.7537,11.15,9,100.0,0
biologic,Middle_East,North_America,air,0,12.6,3627.6,6,23.56,28.73,2,0,0.7897,14.37,4,100.0,0
fresh_produce,Middle_East,North_America,road_reefer,1,166.11,10083.6,7,23.19,33.25,9,0,0.6692,4.88,3,26.43,0
vaccine,Middle_East,Oceania,sea_reefer,1,183.74,5161.9,5,24.22,29.43,4,0,0.8623,37.62,1,8.69,1
fresh_produce,Southeast_Asia,North_America,sea_reefer,0,306.49,10479.3,6,26.21,35.8,3,0,0.8193,17.87,7,0.0,1
dairy,East_Asia,Oceania,road_reefer,0,123.57,7517.0,9,23.49,27.45,9,1,0.5518,15.82,8,0.0,1
fresh_produce,South_America,Oceania,road_reefer,2,97.6,5253.7,6,19.49,28.33,1,0,0.5705,4.15,12,100.0,0
seafood,Oceania,Africa,road_reefer,0,282.46,18242.7,4,31.83,39.08,6,0,0.8244,7.06,7,0.0,1
vaccine,Europe,Africa,road_reefer,0,174.84,9909.4,8,16.35,21.26,10,0,0.7613,12.97,1,0.0,1
dairy,Africa,Middle_East,air,1,10.99,4932.5,3,32.05,35.21,1,0,0.9372,7.43,10,100.0,0
dairy,South_America,East_Asia,sea_reefer,1,221.6,6894.2,3,24.16,26.61,2,0,0.6459,3.31,3,95.28,0
seafood,Middle_East,Southeast_Asia,sea_reefer,1,37.85,1011.3,1,32.16,39.86,6,0,0.8287,18.71,3,0.0,1
frozen,Oceania,Oceania,road_reefer,0,37.74,1581.5,8,27.84,38.67,3,0,0.7286,6.57,8,0.0,1
dairy,South_America,Southeast_Asia,road_reefer,1,150.57,9497.0,8,30.67,36.46,4,0,0.9022,14.54,10,0.0,1
seafood,Southeast_Asia,Middle_East,sea_reefer,0,99.43,3397.4,15,31.17,36.2,4,0,0.7584,11.94,6,0.0,1
seafood,South_America,North_America,sea_reefer,1,116.82,3749.9,4,25.01,27.23,5,0,0.912,22.33,9,95.2,0
seafood,Africa,South_America,sea_reefer,0,98.22,2824.4,5,25.7,32.35,5,0,0.7857,15.2,7,13.24,1
vaccine,Africa,Europe,road_reefer,2,137.1,8677.1,4,23.98,32.01,1,0,0.6689,6.24,9,93.9,0
fresh_produce,South_America,Middle_East,road_reefer,1,60.49,3633.2,5,22.75,35.99,2,0,0.4662,8.3,1,74.33,0
frozen,Middle_East,Oceania,sea_reefer,1,125.39,4220.8,5,24.8,42.51,5,0,0.9545,40.76,1,0.0,1
dairy,Southeast_Asia,Oceania,road_reefer,1,126.56,7726.9,4,28.8,33.31,8,0,0.9233,36.59,8,0.0,1
biologic,East_Asia,Southeast_Asia,sea_reefer,1,97.49,3034.1,5,26.79,31.62,10,0,0.6107,2.24,10,3.57,0
biologic,South_America,Africa,air,1,13.04,3180.3,2,36.04,39.13,3,0,0.9057,29.5,8,0.0,1
fresh_produce,Middle_East,East_Asia,air,1,18.87,10566.1,3,34.39,41.72,3,0,0.7321,14.9,6,51.73,0
fresh_produce,Europe,Southeast_Asia,sea_reefer,1,190.75,5369.4,10,24.24,38.18,3,0,0.3035,6.07,6,0.0,1
frozen,South_America,North_America,road_reefer,0,121.23,7015.6,4,21.66,42.89,1,0,0.7428,9.68,3,0.0,0
fresh_produce,Europe,South_America,sea_reefer,2,248.74,8501.3,8,13.79,20.41,4,0,0.7805,21.63,1,94.5,0
frozen,Europe,Middle_East,sea_reefer,0,559.58,17992.1,13,17.89,25.51,8,0,0.9118,19.92,1,0.0,1
fresh_produce,Southeast_Asia,Southeast_Asia,sea_reefer,1,87.57,2864.1,6,35.23,38.56,9,1,0.4869,1.2,7,0.0,1
